stem,source_video,dist
image_0018,IMG_3916.MOV,0.7811
image_0026,3902_1.mp4,0.4271
image_0029,IMG_3921.MOV,0.4577
image_0030,IMG_3921.MOV,0.5128
image_0033,IMG_3935.MOV,0.7417
image_0036,IMG_3913.MOV,0.8462
image_0053,IMG_3928.MOV,0.6972
image_0054,IMG_3935.MOV,0.7432
image_0058,IMG_3934.MOV,0.811
image_0071,IMG_3936.MOV,0.758
image_0078,IMG_3922.MOV,0.7092
image_0080,IMG_3922.MOV,0.7265
image_0082,IMG_3928.MOV,0.7087
image_0083,IMG_3921.MOV,0.6266
image_0086,IMG_3921.MOV,0.4592
image_0088,IMG_3921.MOV,0.5142
image_0092,IMG_3925.MOV,0.5177
image_0108,IMG_3916.MOV,0.7163
image_0109,IMG_3934.MOV,0.671
image_0110,IMG_3916.MOV,0.6761
image_0113,IMG_3928.MOV,0.6119
image_0126,IMG_3934.MOV,0.8265
image_0132,IMG_3928.MOV,0.7257
image_0134,IMG_3928.MOV,0.7122
image_0140,IMG_3924.MOV,0.8003
image_0154,IMG_3928.MOV,0.5442
image_0157,IMG_3921.MOV,0.5478
image_0163,IMG_3921.MOV,0.7162
image_0165,IMG_3936.MOV,0.6131
image_0169,IMG_3921.MOV,0.4138
image_0177,IMG_3938.MOV,0.7597
image_0189,IMG_3916.MOV,0.7406
image_0190,IMG_3916.MOV,0.8049
image_0217,IMG_3917.MOV,0.8273
image_0228,IMG_3928.MOV,0.6857
image_0229,IMG_3928.MOV,0.6436
image_0239,IMG_3916.MOV,0.7805
image_0243,IMG_3934.MOV,0.6253
image_0246,IMG_3921.MOV,0.4806
image_0261,IMG_3934.MOV,0.7525
image_0351,IMG_3914.MOV,0.8453
image_0359,IMG_3934.MOV,0.782
image_0366,IMG_3921.MOV,0.5137
image_0372,IMG_3934.MOV,0.6261
image_0388,IMG_3921.MOV,0.4445
image_0395,IMG_3917.MOV,0.3672
image_0397,IMG_3916.MOV,0.4171
image_0398,IMG_3916.MOV,0.4296
image_0401,IMG_3916.MOV,0.3684
image_0405,IMG_3916.MOV,0.4254
image_0406,IMG_3936.MOV,0.4346
image_0437,IMG_3934.MOV,0.7852
image_0439,IMG_3928.MOV,0.8295
image_0455,IMG_3921.MOV,0.5351
image_0483,IMG_3936.MOV,0.8209
image_0484,IMG_3928.MOV,0.8026
image_0485,IMG_3928.MOV,0.7732
image_0486,IMG_3921.MOV,0.804
image_0489,IMG_3928.MOV,0.7936
image_0490,IMG_3928.MOV,0.7756
image_0494,IMG_3921.MOV,0.7932
image_0495,IMG_3920.MOV,0.7685
image_0499,IMG_3938.MOV,0.7351
image_0519,IMG_3934.MOV,0.6946
image_0522,IMG_3934.MOV,0.7568
image_0525,IMG_3913.MOV,0.6896
image_0532,IMG_3934.MOV,0.6145
image_0533,IMG_3934.MOV,0.6326
image_0535,IMG_3934.MOV,0.5668
image_0547,IMG_3928.MOV,0.6681
image_0548,IMG_3922.MOV,0.7393
image_0552,IMG_3928.MOV,0.7519
image_0559,IMG_3920.MOV,0.7504
image_0592,IMG_3934.MOV,0.7793
image_0593,IMG_3934.MOV,0.8176
image_0599,IMG_3934.MOV,0.8177
image_0603,IMG_3912.MOV,0.8139
image_0610,IMG_3934.MOV,0.7836
image_0618,IMG_3935.MOV,0.8045
image_0620,IMG_3934.MOV,0.8137
image_0625,IMG_3933.MOV,0.7874
image_0634,IMG_3934.MOV,0.7866
image_0640,IMG_3934.MOV,0.6266
image_0641,IMG_3916.MOV,0.629
image_0645,IMG_3916.MOV,0.6266
image_0660,IMG_3913.MOV,0.4269
image_0663,IMG_3913.MOV,0.4493
image_0664,IMG_3921.MOV,0.4445
image_0671,IMG_3921.MOV,0.3318
image_0675,IMG_3921.MOV,0.4404
image_0681,IMG_3921.MOV,0.3828
image_0682,IMG_3916.MOV,0.421
image_0683,IMG_3916.MOV,0.4355
image_0684,IMG_3913.MOV,0.4695
image_0691,IMG_3913.MOV,0.4239
image_0698,IMG_3916.MOV,0.5257
image_0700,IMG_3916.MOV,0.5581
image_0701,IMG_3916.MOV,0.6009
image_0707,IMG_3913.MOV,0.6436
image_0711,IMG_3934.MOV,0.665
image_0712,IMG_3913.MOV,0.6885
image_0713,IMG_3913.MOV,0.7083
image_0723,IMG_3934.MOV,0.5889
image_0726,IMG_3916.MOV,0.5609
image_0729,IMG_3934.MOV,0.5861
image_0730,IMG_3916.MOV,0.5598
image_0734,IMG_3934.MOV,0.5422
image_0740,IMG_3916.MOV,0.5067
image_0743,IMG_3916.MOV,0.467
image_0753,IMG_3921.MOV,0.5218
image_0772,IMG_3921.MOV,0.4286
image_0775,IMG_3913.MOV,0.4072
image_0783,IMG_3917.MOV,0.4076
image_0786,IMG_3921.MOV,0.3719
image_0787,IMG_3917.MOV,0.4365
image_0788,IMG_3921.MOV,0.465
image_0789,IMG_3921.MOV,0.4574
image_0801,IMG_3916.MOV,0.4176
image_0807,IMG_3921.MOV,0.4624
image_0813,IMG_3913.MOV,0.4635
image_0815,IMG_3916.MOV,0.4802
image_0818,IMG_3921.MOV,0.445
image_0822,IMG_3916.MOV,0.462
image_0824,IMG_3921.MOV,0.4887
image_0825,IMG_3921.MOV,0.4942
image_0826,IMG_3921.MOV,0.5275
image_0832,IMG_3934.MOV,0.6744
image_0833,IMG_3934.MOV,0.6554
image_0834,IMG_3934.MOV,0.6819
image_0837,IMG_3916.MOV,0.6266
image_0844,IMG_3916.MOV,0.7496
image_0859,IMG_3913.MOV,0.5883
image_0861,IMG_3913.MOV,0.6742
image_0867,IMG_3916.MOV,0.7068
image_0871,IMG_3934.MOV,0.6094
image_0875,IMG_3913.MOV,0.6914
image_0882,IMG_3934.MOV,0.6354
image_0885,IMG_3934.MOV,0.6267
image_0892,IMG_3934.MOV,0.5803
image_0895,IMG_3934.MOV,0.6292
image_0907,IMG_3934.MOV,0.5409
image_0925,IMG_3934.MOV,0.5577
image_0930,IMG_3934.MOV,0.6533
image_0931,IMG_3934.MOV,0.6205
image_0934,IMG_3934.MOV,0.6339
image_0935,IMG_3934.MOV,0.6897
image_0942,IMG_3934.MOV,0.6873
image_0944,IMG_3934.MOV,0.7368
image_0947,IMG_3934.MOV,0.683
image_0953,IMG_3934.MOV,0.675
image_0955,IMG_3934.MOV,0.7082
image_0958,IMG_3934.MOV,0.6296
image_0960,IMG_3934.MOV,0.6182
image_0962,IMG_3934.MOV,0.6656
image_0964,IMG_3934.MOV,0.6801
image_0967,IMG_3920.MOV,0.7961
image_0968,IMG_3934.MOV,0.7676
image_0973,IMG_3934.MOV,0.7692
image_0980,IMG_3934.MOV,0.6789
image_0991,3902_1.mp4,0.7288
image_0997,IMG_3934.MOV,0.6838
image_1006,IMG_3934.MOV,0.6584
image_1008,IMG_3934.MOV,0.6389
image_1012,IMG_3934.MOV,0.6144
image_1013,IMG_3913.MOV,0.5956
image_1017,IMG_3921.MOV,0.5525
image_1018,IMG_3917.MOV,0.5393
image_1019,IMG_3913.MOV,0.4731
image_1029,IMG_3921.MOV,0.4743
image_1187,IMG_3921.MOV,0.8012
image_1189,IMG_3921.MOV,0.7625
image_1198,IMG_3921.MOV,0.8112
image_1203,IMG_3934.MOV,0.7891
image_1207,IMG_3934.MOV,0.7738
image_1210,IMG_3934.MOV,0.7741
image_1218,IMG_3916.MOV,0.7672
image_1219,IMG_3934.MOV,0.7783
image_1224,IMG_3916.MOV,0.7842
image_1234,IMG_3916.MOV,0.7847
image_1240,IMG_3934.MOV,0.8156
image_1244,IMG_3934.MOV,0.7924
image_1247,IMG_3934.MOV,0.7725
image_1252,IMG_3917.MOV,0.7804
image_1256,IMG_3917.MOV,0.8216
image_1262,IMG_3934.MOV,0.8298
image_1265,IMG_3914.MOV,0.8302
image_1266,IMG_3944.MOV,0.8038
image_1267,IMG_3944.MOV,0.7863
image_1275,IMG_3934.MOV,0.7936
image_1277,IMG_3905.MOV,0.7747
image_1280,IMG_3934.MOV,0.799
image_1284,IMG_3913.MOV,0.837
image_1285,IMG_3944.MOV,0.8335
image_1291,IMG_3934.MOV,0.7978
image_1300,IMG_3916.MOV,0.713
image_1439,IMG_3934.MOV,0.7181
image_1459,IMG_3935.MOV,0.78
image_1462,IMG_3935.MOV,0.8511
image_1463,IMG_3935.MOV,0.8211
image_1470,IMG_3935.MOV,0.8104
image_1471,IMG_3917.MOV,0.8027
image_1473,IMG_3935.MOV,0.7875
image_1477,IMG_3925.MOV,0.7988
image_1479,IMG_3925.MOV,0.8138
image_1510,IMG_3921.MOV,0.8971
image_1543,IMG_3921.MOV,0.8425
image_1544,IMG_3938.MOV,0.8868
image_1547,IMG_3928.MOV,0.8513
image_1580,IMG_3935.MOV,0.6828
image_1581,IMG_3935.MOV,0.6965
image_1582,IMG_3935.MOV,0.709
image_1637,IMG_3935.MOV,0.7906
image_1638,IMG_3935.MOV,0.697
image_1640,IMG_3935.MOV,0.7334
image_1647,IMG_3935.MOV,0.7296
image_1651,IMG_3935.MOV,0.6692
image_1665,IMG_3935.MOV,0.777
image_1678,IMG_3925.MOV,0.8076
image_1680,IMG_3935.MOV,0.8133
image_1691,IMG_3947.MOV,0.897
image_1693,IMG_3925.MOV,0.8996
image_1694,IMG_3925.MOV,0.875
image_1695,IMG_3914.MOV,0.8876
image_1705,IMG_3935.MOV,0.8573
image_1709,IMG_3935.MOV,0.832
image_1711,IMG_3935.MOV,0.7981
image_1712,IMG_3935.MOV,0.8557
image_1714,IMG_3935.MOV,0.8348
image_1727,IMG_3935.MOV,0.6431
image_1729,IMG_3935.MOV,0.663
image_1731,IMG_3935.MOV,0.7067
image_1732,IMG_3935.MOV,0.6938
image_1733,IMG_3935.MOV,0.7056
image_1736,IMG_3935.MOV,0.7406
image_1741,IMG_3935.MOV,0.7254
image_1742,IMG_3935.MOV,0.7262
image_1751,IMG_3935.MOV,0.6782
image_1753,IMG_3935.MOV,0.6564
image_1755,IMG_3935.MOV,0.7278
image_1762,IMG_3935.MOV,0.7288
image_1764,IMG_3935.MOV,0.6999
image_1801,IMG_3935.MOV,0.7003
image_1802,IMG_3935.MOV,0.7412
image_1803,IMG_3935.MOV,0.697
image_1853,IMG_3934.MOV,0.6612
image_1854,IMG_3934.MOV,0.67
image_1874,IMG_3920.MOV,0.5468
image_1903,IMG_3928.MOV,0.6358
image_1912,3902_1.mp4,0.6106
image_0011,IMG_3928.MOV,0.7383
image_0015,IMG_3913.MOV,0.8275
image_0016,IMG_3921.MOV,0.7674
image_0017,IMG_3907.MOV,0.7613
image_0023,IMG_3921.MOV,0.6298
image_0031,3902_1.mp4,0.6079
image_0048,IMG_3917.MOV,0.776
image_0055,IMG_3935.MOV,0.7845
image_0075,IMG_3921.MOV,0.7594
image_0077,IMG_3928.MOV,0.7753
image_0081,IMG_3917.MOV,0.692
image_0089,IMG_3921.MOV,0.5775
image_0091,IMG_3921.MOV,0.5398
image_0095,IMG_3928.MOV,0.6628
image_0098,IMG_3928.MOV,0.6692
image_0102,IMG_3913.MOV,0.7219
image_0112,IMG_3909.MOV,0.6565
image_0114,IMG_3928.MOV,0.642
image_0115,IMG_3928.MOV,0.6316
image_0136,IMG_3922.MOV,0.844
image_0137,IMG_3925.MOV,0.7377
image_0159,IMG_3938.MOV,0.7186
image_0164,IMG_3924.MOV,0.7265
image_0166,IMG_3934.MOV,0.54
image_0172,IMG_3921.MOV,0.712
image_0174,IMG_3921.MOV,0.6169
image_0176,IMG_3917.MOV,0.7941
image_0183,IMG_3934.MOV,0.82
image_0191,IMG_3922.MOV,0.8079
image_0195,IMG_3924.MOV,0.7554
image_0206,IMG_3921.MOV,0.4459
image_0218,IMG_3914.MOV,0.8206
image_0222,IMG_3934.MOV,0.8375
image_0223,IMG_3916.MOV,0.7436
image_0231,IMG_3928.MOV,0.7324
image_0233,IMG_3934.MOV,0.5845
image_0257,IMG_3934.MOV,0.6501
image_0260,IMG_3917.MOV,0.7932
image_0264,IMG_3928.MOV,0.8142
image_0354,IMG_3914.MOV,0.8529
image_0355,IMG_3917.MOV,0.8505
image_0358,IMG_3935.MOV,0.8017
image_0362,IMG_3916.MOV,0.5594
image_0365,IMG_3921.MOV,0.4719
image_0378,IMG_3917.MOV,0.8472
image_0379,IMG_3936.MOV,0.8544
image_0387,IMG_3934.MOV,0.6534
image_0396,IMG_3921.MOV,0.367
image_0403,IMG_3916.MOV,0.4212
image_0421,IMG_3917.MOV,0.7305
image_0438,IMG_3924.MOV,0.8052
image_0440,IMG_3917.MOV,0.8263
image_0442,IMG_3936.MOV,0.8236
image_0482,IMG_3928.MOV,0.7951
image_0492,IMG_3936.MOV,0.7515
image_0496,IMG_3924.MOV,0.764
image_0497,IMG_3913.MOV,0.7818
image_0503,IMG_3920.MOV,0.7334
image_0504,IMG_3922.MOV,0.7361
image_0507,IMG_3920.MOV,0.7138
image_0513,IMG_3913.MOV,0.7339
image_0516,IMG_3917.MOV,0.7671
image_0517,IMG_3934.MOV,0.7344
image_0521,IMG_3934.MOV,0.7135
image_0524,IMG_3920.MOV,0.7361
image_0536,IMG_3916.MOV,0.6038
image_0537,IMG_3934.MOV,0.6789
image_0538,IMG_3913.MOV,0.7411
image_0541,IMG_3922.MOV,0.678
image_0546,IMG_3928.MOV,0.6333
image_0550,IMG_3934.MOV,0.756
image_0551,IMG_3934.MOV,0.7555
image_0555,IMG_3925.MOV,0.7379
image_0561,IMG_3922.MOV,0.7596
image_0563,IMG_3928.MOV,0.7763
image_0569,IMG_3925.MOV,0.8207
image_0571,IMG_3922.MOV,0.7504
image_0573,IMG_3928.MOV,0.7268
image_0575,IMG_3928.MOV,0.6846
image_0576,IMG_3928.MOV,0.6706
image_0578,IMG_3928.MOV,0.7646
image_0583,IMG_3928.MOV,0.739
image_0584,IMG_3915.MOV,0.7882
image_0594,IMG_3909.MOV,0.8224
image_0602,IMG_3913.MOV,0.8024
image_0604,IMG_3913.MOV,0.8064
image_0605,IMG_3913.MOV,0.8012
image_0607,IMG_3909.MOV,0.8017
image_0611,IMG_3934.MOV,0.7675
image_0616,IMG_3934.MOV,0.7922
image_0621,IMG_3915.MOV,0.827
image_0624,IMG_3937.MOV,0.84
image_0626,IMG_3917.MOV,0.8003
image_0639,IMG_3934.MOV,0.6039
image_0642,IMG_3921.MOV,0.6391
image_0659,IMG_3921.MOV,0.4262
image_0661,IMG_3921.MOV,0.4056
image_0667,IMG_3913.MOV,0.4581
image_0669,IMG_3913.MOV,0.4276
image_0670,IMG_3921.MOV,0.3621
image_0678,IMG_3921.MOV,0.3487
image_0679,IMG_3913.MOV,0.3758
image_0692,IMG_3916.MOV,0.471
image_0708,IMG_3913.MOV,0.6954
image_0737,IMG_3916.MOV,0.5013
image_0741,IMG_3921.MOV,0.4653
image_0745,IMG_3909.MOV,0.4196
image_0748,IMG_3934.MOV,0.4881
image_0755,IMG_3909.MOV,0.4681
image_0761,IMG_3916.MOV,0.4669
image_0766,IMG_3909.MOV,0.5807
image_0773,IMG_3921.MOV,0.4135
image_0777,IMG_3921.MOV,0.4051
image_0778,IMG_3916.MOV,0.4396
image_0780,IMG_3913.MOV,0.4679
image_0790,IMG_3913.MOV,0.4938
image_0795,IMG_3913.MOV,0.4207
image_0800,IMG_3921.MOV,0.4225
image_0806,IMG_3913.MOV,0.4829
image_0810,IMG_3921.MOV,0.4397
image_0820,IMG_3921.MOV,0.4661
image_0838,IMG_3913.MOV,0.6134
image_0846,IMG_3937.MOV,0.7672
image_0848,IMG_3921.MOV,0.6092
image_0853,IMG_3916.MOV,0.4588
image_0855,IMG_3916.MOV,0.4338
image_0856,IMG_3913.MOV,0.4839
image_0857,IMG_3913.MOV,0.5457
image_0863,IMG_3916.MOV,0.6877
image_0864,IMG_3934.MOV,0.7175
image_0870,IMG_3916.MOV,0.6053
image_0881,IMG_3934.MOV,0.6466
image_0887,IMG_3934.MOV,0.632
image_0889,IMG_3934.MOV,0.5747
image_0894,IMG_3934.MOV,0.5788
image_0896,IMG_3934.MOV,0.6614
image_0898,IMG_3934.MOV,0.694
image_0902,IMG_3934.MOV,0.6479
image_0905,IMG_3934.MOV,0.5371
image_0909,IMG_3934.MOV,0.5614
image_0923,IMG_3934.MOV,0.5411
image_0929,IMG_3934.MOV,0.5651
image_0938,IMG_3934.MOV,0.6847
image_0939,IMG_3934.MOV,0.6514
image_0940,IMG_3934.MOV,0.6845
image_0945,IMG_3934.MOV,0.7444
image_0946,IMG_3934.MOV,0.72
image_0952,IMG_3916.MOV,0.7167
image_0963,IMG_3934.MOV,0.7187
image_0966,IMG_3934.MOV,0.7241
image_0975,IMG_3934.MOV,0.7465
image_0976,IMG_3934.MOV,0.667
image_0977,IMG_3934.MOV,0.7252
image_0982,IMG_3934.MOV,0.7207
image_0983,IMG_3934.MOV,0.7581
image_0993,IMG_3909.MOV,0.7206
image_0996,IMG_3916.MOV,0.7019
image_1005,IMG_3916.MOV,0.6611
image_1009,IMG_3934.MOV,0.6073
image_1016,IMG_3913.MOV,0.6075
image_1021,IMG_3913.MOV,0.4535
image_1027,IMG_3921.MOV,0.4999
image_1033,IMG_3917.MOV,0.4468
image_1190,IMG_3921.MOV,0.7587
image_1195,IMG_3921.MOV,0.7709
image_1196,IMG_3921.MOV,0.8132
image_1197,IMG_3921.MOV,0.8005
image_1199,IMG_3921.MOV,0.8099
image_1206,IMG_3934.MOV,0.7413
image_1209,IMG_3934.MOV,0.7505
image_1213,IMG_3916.MOV,0.8147
image_1221,IMG_3934.MOV,0.8035
image_1229,IMG_3913.MOV,0.7892
image_1230,IMG_3921.MOV,0.8309
image_1235,IMG_3934.MOV,0.8535
image_1239,IMG_3944.MOV,0.835
image_1251,IMG_3905.MOV,0.7696
image_1253,IMG_3921.MOV,0.7616
image_1254,IMG_3934.MOV,0.8029
image_1255,IMG_3917.MOV,0.8077
image_1257,IMG_3917.MOV,0.7994
image_1259,IMG_3916.MOV,0.7813
image_1264,IMG_3944.MOV,0.8158
image_1295,IMG_3938.MOV,0.7884
image_1304,IMG_3935.MOV,0.8302
image_1314,IMG_3938.MOV,0.7822
image_1435,IMG_3928.MOV,0.6844
image_1436,IMG_3922.MOV,0.6918
image_1438,IMG_3934.MOV,0.7372
image_1452,IMG_3913.MOV,0.7294
image_1458,IMG_3928.MOV,0.6006
image_1467,IMG_3925.MOV,0.8062
image_1468,IMG_3925.MOV,0.8182
image_1474,IMG_3925.MOV,0.8229
image_1505,IMG_3928.MOV,0.8569
image_1507,IMG_3921.MOV,0.8056
image_1511,IMG_3928.MOV,0.857
image_1548,IMG_3923.MOV,0.8253
image_1552,IMG_3928.MOV,0.8842
image_1556,IMG_3923.MOV,0.8166
image_1557,IMG_3909.MOV,0.9091
image_1639,IMG_3935.MOV,0.7431
image_1641,IMG_3935.MOV,0.7514
image_1660,IMG_3935.MOV,0.72
image_1662,IMG_3935.MOV,0.6834
image_1683,IMG_3935.MOV,0.8078
image_1686,IMG_3935.MOV,0.8007
image_1688,IMG_3935.MOV,0.8219
image_1689,IMG_3925.MOV,0.8465
image_1692,IMG_3935.MOV,0.8748
image_1716,IMG_3935.MOV,0.764
image_1719,IMG_3935.MOV,0.7841
image_1720,IMG_3935.MOV,0.7338
image_1721,IMG_3935.MOV,0.734
image_1722,IMG_3935.MOV,0.7262
image_1723,IMG_3935.MOV,0.7174
image_1724,IMG_3935.MOV,0.7414
image_1740,IMG_3935.MOV,0.7032
image_1743,IMG_3935.MOV,0.727
image_1745,IMG_3935.MOV,0.7026
image_1747,IMG_3935.MOV,0.72
image_1749,IMG_3935.MOV,0.6827
image_1754,IMG_3935.MOV,0.6723
image_1763,IMG_3935.MOV,0.7023
image_1765,IMG_3935.MOV,0.6983
image_1813,IMG_3935.MOV,0.8432
image_1849,IMG_3914.MOV,0.8093
image_0012,IMG_3933.MOV,0.6849
image_0013,IMG_3925.MOV,0.7431
image_0014,IMG_3908.MOV,0.8321
image_0019,IMG_3924.MOV,0.6796
image_0020,IMG_3913.MOV,0.5371
image_0021,IMG_3934.MOV,0.5092
image_0022,IMG_3921.MOV,0.5041
image_0024,IMG_3934.MOV,0.6172
image_0025,IMG_3928.MOV,0.5401
image_0027,IMG_3905.MOV,0.4568
image_0028,IMG_3921.MOV,0.4618
image_0032,IMG_3935.MOV,0.7498
image_0034,IMG_3917.MOV,0.8186
image_0035,IMG_3917.MOV,0.8296
image_0037,IMG_3905.MOV,0.8069
image_0038,IMG_3933.MOV,0.8243
image_0039,IMG_3937.MOV,0.8319
image_0049,IMG_3928.MOV,0.7627
image_0050,IMG_3928.MOV,0.7695
image_0052,IMG_3917.MOV,0.6981
image_0056,IMG_3935.MOV,0.8453
image_0057,IMG_3935.MOV,0.798
image_0059,IMG_3932.MOV,0.8442
image_0060,IMG_3934.MOV,0.8129
image_0062,IMG_3909.MOV,0.8112
image_0066,IMG_3936.MOV,0.7976
image_0067,IMG_3932.MOV,0.7948
image_0068,IMG_3922.MOV,0.7947
image_0069,IMG_3944.MOV,0.7222
image_0070,IMG_3928.MOV,0.5626
image_0072,IMG_3934.MOV,0.7673
image_0073,IMG_3922.MOV,0.8099
image_0074,IMG_3921.MOV,0.77
image_0076,IMG_3923.MOV,0.7874
image_0079,IMG_3928.MOV,0.6903
image_0084,IMG_3913.MOV,0.7264
image_0085,IMG_3921.MOV,0.469
image_0087,IMG_3921.MOV,0.4629
image_0090,IMG_3921.MOV,0.6394
image_0093,IMG_3934.MOV,0.6328
image_0094,IMG_3924.MOV,0.6657
image_0096,IMG_3909.MOV,0.7562
image_0097,IMG_3916.MOV,0.6442
image_0103,IMG_3934.MOV,0.6906
image_0104,IMG_3916.MOV,0.7222
image_0105,IMG_3917.MOV,0.8334
image_0111,IMG_3916.MOV,0.7701
image_0116,IMG_3928.MOV,0.7817
image_0117,IMG_3928.MOV,0.8111
image_0129,IMG_3934.MOV,0.813
image_0131,IMG_3944.MOV,0.8634
image_0133,IMG_3928.MOV,0.698
image_0135,IMG_3922.MOV,0.7309
image_0138,IMG_3920.MOV,0.8306
image_0139,IMG_3925.MOV,0.7899
image_0153,IMG_3928.MOV,0.5419
image_0155,IMG_3928.MOV,0.6076
image_0156,IMG_3921.MOV,0.4636
image_0158,IMG_3922.MOV,0.7746
image_0160,IMG_3917.MOV,0.8182
image_0161,IMG_3909.MOV,0.7834
image_0167,IMG_3936.MOV,0.5286
image_0168,IMG_3921.MOV,0.4589
image_0170,IMG_3916.MOV,0.7188
image_0171,IMG_3921.MOV,0.8271
image_0173,IMG_3921.MOV,0.6768
image_0175,IMG_3935.MOV,0.8672
image_0178,IMG_3934.MOV,0.6557
image_0179,IMG_3913.MOV,0.7833
image_0180,IMG_3916.MOV,0.7331
image_0181,IMG_3917.MOV,0.8493
image_0182,IMG_3935.MOV,0.8151
image_0184,IMG_3934.MOV,0.6962
image_0185,IMG_3938.MOV,0.6343
image_0186,IMG_3938.MOV,0.7447
image_0187,IMG_3913.MOV,0.8813
image_0188,IMG_3921.MOV,0.8466
image_0192,IMG_3920.MOV,0.8201
image_0193,IMG_3916.MOV,0.802
image_0194,IMG_3922.MOV,0.7666
image_0196,IMG_3917.MOV,0.8322
image_0219,IMG_3917.MOV,0.7981
image_0220,IMG_3914.MOV,0.8332
image_0221,IMG_3914.MOV,0.8353
image_0224,IMG_3934.MOV,0.7935
image_0225,IMG_3936.MOV,0.7476
image_0226,IMG_3912.MOV,0.8291
image_0227,IMG_3921.MOV,0.6609
image_0230,IMG_3924.MOV,0.8351
image_0232,IMG_3922.MOV,0.7286
image_0234,IMG_3934.MOV,0.5482
image_0235,IMG_3934.MOV,0.5906
image_0236,IMG_3913.MOV,0.599
image_0237,IMG_3917.MOV,0.6957
image_0238,IMG_3934.MOV,0.832
image_0244,IMG_3913.MOV,0.5749
image_0245,IMG_3936.MOV,0.5036
image_0250,IMG_3921.MOV,0.3575
image_0251,IMG_3917.MOV,0.36
image_0252,IMG_3916.MOV,0.578
image_0258,IMG_3934.MOV,0.7341
image_0259,IMG_3934.MOV,0.7208
image_0262,IMG_3907.MOV,0.8515
image_0265,IMG_3921.MOV,0.6691
image_0266,IMG_3935.MOV,0.7194
image_0267,IMG_3921.MOV,0.5787
image_0268,IMG_3921.MOV,0.5479
image_0269,IMG_3921.MOV,0.4643
image_0350,IMG_3917.MOV,0.8568
image_0356,IMG_3925.MOV,0.8512
image_0357,IMG_3917.MOV,0.8597
image_0360,IMG_3917.MOV,0.8251
image_0361,IMG_3913.MOV,0.8615
image_0363,IMG_3917.MOV,0.8131
image_0364,IMG_3934.MOV,0.533
image_0367,IMG_3907.MOV,0.5653
image_0368,IMG_3921.MOV,0.5254
image_0369,IMG_3934.MOV,0.6216
image_0370,IMG_3934.MOV,0.6752
image_0371,IMG_3934.MOV,0.7744
image_0373,IMG_3932.MOV,0.837
image_0374,IMG_3925.MOV,0.8154
image_0375,IMG_3913.MOV,0.7812
image_0376,IMG_3932.MOV,0.8309
image_0377,3902_1.mp4,0.8723
image_0380,IMG_3934.MOV,0.788
image_0385,IMG_3928.MOV,0.5889
image_0386,IMG_3917.MOV,0.8259
image_0389,IMG_3917.MOV,0.3571
image_0390,IMG_3921.MOV,0.3742
image_0391,IMG_3921.MOV,0.5744
image_0392,IMG_3921.MOV,0.3788
image_0393,IMG_3921.MOV,0.334
image_0394,IMG_3917.MOV,0.3838
image_0399,IMG_3916.MOV,0.4058
image_0400,IMG_3916.MOV,0.455
image_0402,IMG_3921.MOV,0.3899
image_0404,IMG_3916.MOV,0.4837
image_0407,IMG_3921.MOV,0.4358
image_0408,IMG_3921.MOV,0.6183
image_0410,IMG_3921.MOV,0.4946
image_0414,IMG_3921.MOV,0.8128
image_0415,IMG_3944.MOV,0.7609
image_0416,IMG_3923.MOV,0.822
image_0417,IMG_3921.MOV,0.7827
image_0418,IMG_3920.MOV,0.6686
image_0419,IMG_3928.MOV,0.7642
image_0420,IMG_3928.MOV,0.6759
image_0422,IMG_3928.MOV,0.6913
image_0423,IMG_3938.MOV,0.8562
image_0424,IMG_3916.MOV,0.6345
image_0425,IMG_3921.MOV,0.6004
image_0426,IMG_3921.MOV,0.6052
image_0427,IMG_3910.MOV,0.602
image_0428,IMG_3921.MOV,0.5508
image_0441,IMG_3924.MOV,0.8124
image_0443,IMG_3922.MOV,0.8466
image_0444,IMG_3944.MOV,0.8519
image_0445,IMG_3928.MOV,0.768
image_0446,IMG_3921.MOV,0.7062
image_0447,IMG_3938.MOV,0.7127
image_0451,IMG_3914.MOV,0.8994
image_0452,IMG_3923.MOV,0.7932
image_0453,IMG_3924.MOV,0.7413
image_0454,IMG_3934.MOV,0.6171
image_0456,IMG_3921.MOV,0.6499
image_0457,IMG_3934.MOV,0.6317
image_0458,IMG_3917.MOV,0.8158
image_0459,IMG_3921.MOV,0.4782
image_0487,IMG_3928.MOV,0.759
image_0488,IMG_3921.MOV,0.824
image_0491,IMG_3920.MOV,0.8014
image_0493,IMG_3928.MOV,0.7728
image_0498,IMG_3920.MOV,0.7539
image_0500,IMG_3921.MOV,0.7248
image_0501,IMG_3934.MOV,0.8314
image_0502,IMG_3922.MOV,0.7399
image_0505,IMG_3916.MOV,0.7251
image_0506,IMG_3921.MOV,0.7147
image_0508,IMG_3920.MOV,0.7509
image_0509,IMG_3922.MOV,0.8004
image_0510,IMG_3913.MOV,0.7461
image_0511,IMG_3934.MOV,0.7453
image_0512,IMG_3917.MOV,0.7707
image_0514,IMG_3917.MOV,0.7977
image_0515,IMG_3935.MOV,0.7616
image_0518,3902_1.mp4,0.7731
image_0520,IMG_3934.MOV,0.7388
image_0523,IMG_3917.MOV,0.7757
image_0526,3902_1.mp4,0.576
image_0527,IMG_3916.MOV,0.5319
image_0528,IMG_3934.MOV,0.63
image_0529,IMG_3934.MOV,0.7048
image_0530,IMG_3922.MOV,0.6561
image_0531,IMG_3913.MOV,0.6967
image_0534,IMG_3922.MOV,0.6967
image_0539,IMG_3922.MOV,0.729
image_0540,IMG_3922.MOV,0.7017
image_0542,IMG_3928.MOV,0.7234
image_0543,IMG_3922.MOV,0.6669
image_0544,IMG_3928.MOV,0.685
image_0545,IMG_3928.MOV,0.7201
image_0549,IMG_3944.MOV,0.7407
image_0553,IMG_3917.MOV,0.7708
image_0554,IMG_3922.MOV,0.7344
image_0556,IMG_3922.MOV,0.772
image_0557,IMG_3916.MOV,0.7709
image_0558,IMG_3916.MOV,0.748
image_0560,IMG_3922.MOV,0.7606
image_0562,IMG_3934.MOV,0.7879
image_0564,IMG_3928.MOV,0.7744
image_0565,IMG_3922.MOV,0.7813
image_0566,IMG_3924.MOV,0.776
image_0567,IMG_3922.MOV,0.7804
image_0568,IMG_3944.MOV,0.7922
image_0570,IMG_3922.MOV,0.7834
image_0572,IMG_3909.MOV,0.7768
image_0574,IMG_3928.MOV,0.7164
image_0577,IMG_3928.MOV,0.7129
image_0579,IMG_3928.MOV,0.8407
image_0580,IMG_3928.MOV,0.7933
image_0581,IMG_3928.MOV,0.7967
image_0582,IMG_3928.MOV,0.7568
image_0585,IMG_3933.MOV,0.8234
image_0586,IMG_3919.MOV,0.8555
image_0587,IMG_3936.MOV,0.8382
image_0588,IMG_3913.MOV,0.822
image_0589,IMG_3916.MOV,0.829
image_0590,IMG_3919.MOV,0.8202
image_0591,IMG_3933.MOV,0.8896
image_0595,IMG_3905.MOV,0.8311
image_0596,IMG_3913.MOV,0.7988
image_0597,IMG_3935.MOV,0.8166
image_0598,IMG_3938.MOV,0.8245
image_0600,IMG_3937.MOV,0.7886
image_0601,3902_1.mp4,0.8283
image_0606,IMG_3910.MOV,0.8218
image_0608,IMG_3934.MOV,0.8365
image_0609,IMG_3917.MOV,0.7935
image_0612,IMG_3909.MOV,0.7902
image_0613,IMG_3914.MOV,0.8
image_0614,IMG_3917.MOV,0.8115
image_0615,IMG_3935.MOV,0.7904
image_0617,IMG_3917.MOV,0.7652
image_0619,IMG_3935.MOV,0.809
image_0622,IMG_3914.MOV,0.7977
image_0623,IMG_3914.MOV,0.8547
image_0627,IMG_3934.MOV,0.8106
image_0628,IMG_3913.MOV,0.7935
image_0629,IMG_3913.MOV,0.766
image_0630,IMG_3917.MOV,0.8091
image_0631,IMG_3913.MOV,0.7832
image_0632,IMG_3934.MOV,0.7571
image_0633,IMG_3913.MOV,0.7872
image_0635,IMG_3934.MOV,0.7767
image_0636,IMG_3917.MOV,0.8573
image_0637,IMG_3934.MOV,0.7869
image_0638,IMG_3916.MOV,0.6531
image_0643,IMG_3916.MOV,0.7321
image_0644,IMG_3934.MOV,0.6756
image_0662,IMG_3921.MOV,0.421
image_0665,IMG_3913.MOV,0.4569
image_0666,IMG_3921.MOV,0.4859
image_0668,3902_1.mp4,0.7087
image_0672,IMG_3913.MOV,0.5479
image_0673,IMG_3916.MOV,0.4593
image_0674,IMG_3916.MOV,0.4679
image_0676,IMG_3916.MOV,0.4502
image_0677,IMG_3916.MOV,0.4291
image_0680,IMG_3934.MOV,0.5548
image_0685,IMG_3921.MOV,0.6513
image_0686,IMG_3913.MOV,0.5046
image_0687,IMG_3913.MOV,0.471
image_0688,IMG_3913.MOV,0.4192
image_0689,IMG_3913.MOV,0.4112
image_0690,IMG_3913.MOV,0.4173
image_0693,IMG_3917.MOV,0.7044
image_0694,IMG_3916.MOV,0.4858
image_0695,IMG_3921.MOV,0.5358
image_0696,IMG_3916.MOV,0.5416
image_0697,IMG_3916.MOV,0.5334
image_0699,IMG_3916.MOV,0.5487
image_0702,IMG_3916.MOV,0.6194
image_0703,IMG_3916.MOV,0.6027
image_0704,IMG_3916.MOV,0.5959
image_0705,IMG_3913.MOV,0.7107
image_0706,IMG_3913.MOV,0.6265
image_0709,IMG_3934.MOV,0.6721
image_0710,IMG_3937.MOV,0.782
image_0714,IMG_3938.MOV,0.7864
image_0715,IMG_3934.MOV,0.6629
image_0716,IMG_3917.MOV,0.7279
image_0717,IMG_3934.MOV,0.7018
image_0718,IMG_3934.MOV,0.7117
image_0719,IMG_3913.MOV,0.7082
image_0720,IMG_3916.MOV,0.645
image_0721,IMG_3934.MOV,0.5984
image_0722,IMG_3934.MOV,0.6558
image_0724,IMG_3913.MOV,0.6604
image_0725,IMG_3916.MOV,0.58
image_0727,IMG_3913.MOV,0.6934
image_0728,IMG_3913.MOV,0.6577
image_0731,IMG_3916.MOV,0.6655
image_0732,IMG_3916.MOV,0.5458
image_0733,IMG_3916.MOV,0.5263
image_0735,IMG_3916.MOV,0.4753
image_0736,IMG_3916.MOV,0.4924
image_0738,IMG_3934.MOV,0.7622
image_0739,IMG_3913.MOV,0.6755
image_0742,IMG_3913.MOV,0.5149
image_0744,IMG_3936.MOV,0.4222
image_0746,IMG_3913.MOV,0.432
image_0747,IMG_3913.MOV,0.5608
image_0749,IMG_3916.MOV,0.5195
image_0750,IMG_3916.MOV,0.5019
image_0751,IMG_3916.MOV,0.649
image_0752,IMG_3913.MOV,0.7226
image_0754,IMG_3913.MOV,0.5383
image_0756,IMG_3916.MOV,0.4501
image_0757,IMG_3921.MOV,0.458
image_0758,IMG_3916.MOV,0.5259
image_0759,IMG_3916.MOV,0.4505
image_0760,IMG_3934.MOV,0.691
image_0762,IMG_3909.MOV,0.5684
image_0763,IMG_3934.MOV,0.5598
image_0764,IMG_3934.MOV,0.5521
image_0765,IMG_3934.MOV,0.7735
image_0767,IMG_3916.MOV,0.5843
image_0768,IMG_3916.MOV,0.5699
image_0769,IMG_3916.MOV,0.5011
image_0770,IMG_3916.MOV,0.4965
image_0771,IMG_3921.MOV,0.4449
image_0774,IMG_3913.MOV,0.3938
image_0776,IMG_3916.MOV,0.3799
image_0779,IMG_3916.MOV,0.4811
image_0781,IMG_3921.MOV,0.4221
image_0782,IMG_3921.MOV,0.3797
image_0784,IMG_3913.MOV,0.4028
image_0785,IMG_3917.MOV,0.3704
image_0791,IMG_3913.MOV,0.4653
image_0792,IMG_3913.MOV,0.427
image_0793,IMG_3913.MOV,0.389
image_0794,IMG_3913.MOV,0.4018
image_0796,IMG_3921.MOV,0.3781
image_0797,IMG_3916.MOV,0.4049
image_0798,IMG_3921.MOV,0.3866
image_0799,IMG_3913.MOV,0.3854
image_0802,IMG_3916.MOV,0.5334
image_0803,IMG_3913.MOV,0.6304
image_0804,IMG_3916.MOV,0.4691
image_0805,IMG_3916.MOV,0.4124
image_0808,IMG_3921.MOV,0.4838
image_0809,IMG_3916.MOV,0.6192
image_0811,IMG_3916.MOV,0.5753
image_0812,IMG_3913.MOV,0.7386
image_0814,IMG_3921.MOV,0.5406
image_0816,IMG_3913.MOV,0.4682
image_0817,IMG_3916.MOV,0.5155
image_0819,IMG_3916.MOV,0.451
image_0821,IMG_3916.MOV,0.5332
image_0823,IMG_3913.MOV,0.4697
image_0827,IMG_3916.MOV,0.7337
image_0828,IMG_3937.MOV,0.7736
image_0829,IMG_3916.MOV,0.6891
image_0830,IMG_3934.MOV,0.7563
image_0831,IMG_3916.MOV,0.6277
image_0835,IMG_3934.MOV,0.7729
image_0836,IMG_3923.MOV,0.7419
image_0839,IMG_3916.MOV,0.7007
image_0840,IMG_3914.MOV,0.78
image_0841,IMG_3947.MOV,0.8225
image_0842,IMG_3934.MOV,0.7798
image_0843,IMG_3917.MOV,0.8252
image_0845,IMG_3937.MOV,0.7249
image_0847,IMG_3934.MOV,0.8074
image_0849,IMG_3917.MOV,0.8109
image_0850,IMG_3916.MOV,0.6163
image_0851,IMG_3913.MOV,0.4376
image_0852,IMG_3917.MOV,0.4514
image_0854,IMG_3921.MOV,0.4449
image_0858,IMG_3934.MOV,0.6474
image_0860,IMG_3913.MOV,0.8183
image_0862,IMG_3913.MOV,0.7555
image_0865,IMG_3917.MOV,0.7327
image_0866,IMG_3917.MOV,0.7792
image_0868,IMG_3932.MOV,0.7615
image_0869,IMG_3934.MOV,0.7299
image_0872,IMG_3916.MOV,0.7798
image_0873,IMG_3913.MOV,0.716
image_0874,IMG_3913.MOV,0.7232
image_0876,IMG_3936.MOV,0.6262
image_0877,IMG_3913.MOV,0.6651
image_0878,IMG_3934.MOV,0.5677
image_0879,IMG_3916.MOV,0.5434
image_0880,IMG_3916.MOV,0.6178
image_0883,IMG_3923.MOV,0.7265
image_0884,IMG_3934.MOV,0.609
image_0886,IMG_3917.MOV,0.7088
image_0888,IMG_3934.MOV,0.5693
image_0890,IMG_3934.MOV,0.687
image_0891,IMG_3934.MOV,0.6828
image_0893,IMG_3913.MOV,0.6603
image_0897,IMG_3934.MOV,0.6954
image_0899,IMG_3934.MOV,0.6963
image_0900,IMG_3934.MOV,0.6777
image_0901,IMG_3916.MOV,0.6747
image_0903,IMG_3934.MOV,0.6208
image_0904,IMG_3934.MOV,0.6623
image_0906,IMG_3934.MOV,0.5306
image_0908,IMG_3916.MOV,0.528
image_0910,IMG_3913.MOV,0.6069
image_0911,IMG_3934.MOV,0.5828
image_0912,IMG_3913.MOV,0.7174
image_0913,IMG_3914.MOV,0.8158
image_0914,IMG_3916.MOV,0.7032
image_0915,IMG_3932.MOV,0.7739
image_0916,IMG_3934.MOV,0.6359
image_0917,IMG_3917.MOV,0.7273
image_0918,IMG_3934.MOV,0.6521
image_0919,IMG_3917.MOV,0.7965
image_0920,IMG_3934.MOV,0.5525
image_0921,IMG_3913.MOV,0.5946
image_0922,IMG_3934.MOV,0.5271
image_0924,IMG_3934.MOV,0.6792
image_0926,IMG_3913.MOV,0.7054
image_0927,IMG_3916.MOV,0.5202
image_0928,IMG_3934.MOV,0.6042
image_0932,IMG_3934.MOV,0.5717
image_0933,IMG_3916.MOV,0.6149
image_0936,IMG_3934.MOV,0.708
image_0937,IMG_3934.MOV,0.7641
image_0941,IMG_3916.MOV,0.7305
image_0943,IMG_3934.MOV,0.6733
image_0948,IMG_3934.MOV,0.6659
image_0949,IMG_3917.MOV,0.7293
image_0950,IMG_3934.MOV,0.7151
image_0951,IMG_3934.MOV,0.7206
image_0954,IMG_3934.MOV,0.6522
image_0956,IMG_3934.MOV,0.733
image_0957,IMG_3934.MOV,0.8102
image_0959,IMG_3937.MOV,0.7595
image_0961,IMG_3921.MOV,0.7376
image_0965,IMG_3934.MOV,0.7473
image_0969,IMG_3934.MOV,0.7471
image_0970,IMG_3934.MOV,0.7481
image_0971,IMG_3919.MOV,0.7616
image_0972,IMG_3934.MOV,0.7411
image_0974,IMG_3934.MOV,0.7667
image_0978,IMG_3934.MOV,0.7151
image_0979,IMG_3916.MOV,0.747
image_0981,IMG_3913.MOV,0.7167
image_0984,IMG_3934.MOV,0.7359
image_0985,IMG_3934.MOV,0.7538
image_0986,IMG_3934.MOV,0.7474
image_0987,IMG_3913.MOV,0.7538
image_0988,IMG_3916.MOV,0.7186
image_0989,IMG_3928.MOV,0.6756
image_0990,IMG_3916.MOV,0.6473
image_0992,IMG_3920.MOV,0.664
image_0994,IMG_3916.MOV,0.7406
image_0995,IMG_3913.MOV,0.7157
image_0998,IMG_3934.MOV,0.6901
image_0999,IMG_3920.MOV,0.7758
image_1000,IMG_3928.MOV,0.6948
image_1001,IMG_3913.MOV,0.7315
image_1002,IMG_3928.MOV,0.6916
image_1003,IMG_3932.MOV,0.7344
image_1004,IMG_3934.MOV,0.7716
image_1007,IMG_3913.MOV,0.7398
image_1010,IMG_3934.MOV,0.6425
image_1011,IMG_3935.MOV,0.6213
image_1014,IMG_3913.MOV,0.5944
image_1015,IMG_3935.MOV,0.7723
image_1020,IMG_3916.MOV,0.4355
image_1022,IMG_3916.MOV,0.5873
image_1023,IMG_3913.MOV,0.552
image_1024,IMG_3909.MOV,0.786
image_1025,IMG_3916.MOV,0.5872
image_1026,IMG_3921.MOV,0.533
image_1028,IMG_3921.MOV,0.5095
image_1030,IMG_3921.MOV,0.6716
image_1031,IMG_3921.MOV,0.4588
image_1032,IMG_3917.MOV,0.4078
image_1034,IMG_3921.MOV,0.4798
image_1035,IMG_3938.MOV,0.6266
image_1036,IMG_3921.MOV,0.5269
image_1185,IMG_3921.MOV,0.7699
image_1186,IMG_3921.MOV,0.8235
image_1188,IMG_3913.MOV,0.8259
image_1191,IMG_3921.MOV,0.8145
image_1192,IMG_3937.MOV,0.8128
image_1193,IMG_3921.MOV,0.7713
image_1194,IMG_3913.MOV,0.8488
image_1200,IMG_3921.MOV,0.7937
image_1201,IMG_3934.MOV,0.8239
image_1202,IMG_3934.MOV,0.7623
image_1204,IMG_3921.MOV,0.8178
image_1205,IMG_3947.MOV,0.8167
image_1208,IMG_3934.MOV,0.7657
image_1211,IMG_3916.MOV,0.7861
image_1212,IMG_3947.MOV,0.8012
image_1214,IMG_3913.MOV,0.8146
image_1215,IMG_3935.MOV,0.8185
image_1216,IMG_3907.MOV,0.8394
image_1217,IMG_3921.MOV,0.8241
image_1220,IMG_3908.MOV,0.8
image_1222,IMG_3909.MOV,0.7869
image_1223,IMG_3921.MOV,0.8121
image_1225,IMG_3921.MOV,0.8105
image_1226,IMG_3921.MOV,0.8312
image_1227,IMG_3916.MOV,0.7998
image_1228,IMG_3925.MOV,0.8168
image_1231,IMG_3914.MOV,0.8379
image_1232,IMG_3935.MOV,0.844
image_1233,IMG_3934.MOV,0.8356
image_1236,IMG_3937.MOV,0.8062
image_1237,IMG_3921.MOV,0.8032
image_1238,IMG_3917.MOV,0.8301
image_1241,IMG_3923.MOV,0.8036
image_1242,IMG_3944.MOV,0.8372
image_1243,IMG_3916.MOV,0.8081
image_1245,IMG_3917.MOV,0.8259
image_1246,IMG_3914.MOV,0.8471
image_1248,IMG_3916.MOV,0.77
image_1249,IMG_3921.MOV,0.7893
image_1250,IMG_3934.MOV,0.79
image_1258,IMG_3916.MOV,0.8146
image_1260,IMG_3913.MOV,0.8235
image_1261,IMG_3944.MOV,0.8457
image_1263,IMG_3914.MOV,0.8015
image_1268,IMG_3908.MOV,0.8492
image_1269,IMG_3944.MOV,0.8491
image_1270,IMG_3934.MOV,0.8396
image_1271,3902_1.mp4,0.8087
image_1272,IMG_3934.MOV,0.8551
image_1273,IMG_3917.MOV,0.8628
image_1274,IMG_3933.MOV,0.8527
image_1276,IMG_3914.MOV,0.8217
image_1278,IMG_3928.MOV,0.8663
image_1279,IMG_3915.MOV,0.8346
image_1281,IMG_3914.MOV,0.808
image_1282,IMG_3923.MOV,0.8127
image_1283,IMG_3934.MOV,0.8346
image_1286,IMG_3935.MOV,0.799
image_1287,IMG_3914.MOV,0.854
image_1288,IMG_3944.MOV,0.8267
image_1289,IMG_3919.MOV,0.8153
image_1290,IMG_3944.MOV,0.825
image_1292,IMG_3917.MOV,0.8631
image_1293,IMG_3910.MOV,0.8228
image_1294,IMG_3938.MOV,0.7862
image_1296,IMG_3914.MOV,0.7994
image_1297,IMG_3935.MOV,0.7937
image_1298,IMG_3934.MOV,0.7883
image_1299,IMG_3934.MOV,0.7347
image_1301,IMG_3932.MOV,0.8367
image_1302,IMG_3916.MOV,0.7921
image_1303,IMG_3914.MOV,0.8268
image_1305,IMG_3917.MOV,0.8167
image_1306,3902_1.mp4,0.8387
image_1307,IMG_3917.MOV,0.8177
image_1308,IMG_3938.MOV,0.8141
image_1309,IMG_3933.MOV,0.8436
image_1310,IMG_3935.MOV,0.8194
image_1311,IMG_3935.MOV,0.8033
image_1312,IMG_3914.MOV,0.7801
image_1313,IMG_3934.MOV,0.789
image_1315,IMG_3935.MOV,0.8482
image_1431,IMG_3920.MOV,0.7918
image_1432,IMG_3916.MOV,0.7663
image_1437,IMG_3924.MOV,0.6655
image_1440,IMG_3934.MOV,0.7927
image_1441,IMG_3928.MOV,0.7595
image_1442,3902_1.mp4,0.7538
image_1443,IMG_3934.MOV,0.6646
image_1444,IMG_3934.MOV,0.7553
image_1445,IMG_3921.MOV,0.6661
image_1446,IMG_3917.MOV,0.7796
image_1447,IMG_3916.MOV,0.787
image_1448,IMG_3934.MOV,0.7213
image_1449,IMG_3921.MOV,0.6823
image_1450,IMG_3916.MOV,0.6857
image_1451,IMG_3934.MOV,0.7332
image_1460,IMG_3935.MOV,0.8096
image_1461,IMG_3925.MOV,0.8355
image_1464,IMG_3935.MOV,0.8501
image_1465,IMG_3914.MOV,0.8897
image_1466,IMG_3925.MOV,0.8395
image_1469,IMG_3935.MOV,0.8141
image_1472,IMG_3935.MOV,0.7779
image_1475,IMG_3925.MOV,0.7994
image_1476,IMG_3925.MOV,0.8099
image_1478,IMG_3925.MOV,0.8154
image_1491,IMG_3916.MOV,0.8025
image_1492,IMG_3938.MOV,0.8406
image_1497,IMG_3944.MOV,0.7749
image_1503,IMG_3934.MOV,0.8624
image_1504,IMG_3934.MOV,0.8324
image_1506,IMG_3944.MOV,0.8334
image_1508,IMG_3944.MOV,0.868
image_1509,IMG_3928.MOV,0.8789
image_1512,IMG_3928.MOV,0.8425
image_1545,IMG_3919.MOV,0.8619
image_1546,IMG_3928.MOV,0.8581
image_1549,IMG_3923.MOV,0.829
image_1550,IMG_3928.MOV,0.8449
image_1551,IMG_3944.MOV,0.8653
image_1553,IMG_3923.MOV,0.8178
image_1554,IMG_3935.MOV,0.8262
image_1555,IMG_3928.MOV,0.8643
image_1558,IMG_3944.MOV,0.8394
image_1559,IMG_3944.MOV,0.8027
image_1560,IMG_3928.MOV,0.8627
image_1561,IMG_3935.MOV,0.8965
image_1562,IMG_3923.MOV,0.8608
image_1563,IMG_3910.MOV,0.8148
image_1569,IMG_3938.MOV,0.8667
image_1632,IMG_3925.MOV,0.8219
image_1633,IMG_3925.MOV,0.8356
image_1634,IMG_3925.MOV,0.8092
image_1635,IMG_3935.MOV,0.8365
image_1642,IMG_3935.MOV,0.7672
image_1643,IMG_3935.MOV,0.7278
image_1644,IMG_3933.MOV,0.7437
image_1645,IMG_3933.MOV,0.7229
image_1646,IMG_3935.MOV,0.8184
image_1648,IMG_3935.MOV,0.764
image_1649,IMG_3935.MOV,0.8107
image_1650,IMG_3935.MOV,0.6751
image_1656,IMG_3935.MOV,0.7544
image_1657,IMG_3935.MOV,0.7243
image_1661,IMG_3935.MOV,0.6573
image_1664,IMG_3935.MOV,0.4875
image_1667,IMG_3925.MOV,0.832
image_1668,IMG_3917.MOV,0.8791
image_1669,IMG_3907.MOV,0.8847
image_1670,IMG_3935.MOV,0.8568
image_1674,IMG_3944.MOV,0.885
image_1675,IMG_3935.MOV,0.829
image_1676,IMG_3922.MOV,0.8444
image_1677,IMG_3928.MOV,0.7277
image_1679,IMG_3917.MOV,0.884
image_1681,IMG_3935.MOV,0.7844
image_1682,IMG_3925.MOV,0.8828
image_1684,IMG_3935.MOV,0.8067
image_1685,IMG_3935.MOV,0.8554
image_1687,IMG_3935.MOV,0.829
image_1690,IMG_3919.MOV,0.8115
image_1696,IMG_3910.MOV,0.8695
image_1697,IMG_3935.MOV,0.7691
image_1698,IMG_3935.MOV,0.8573
image_1702,IMG_3935.MOV,0.8543
image_1703,IMG_3935.MOV,0.8816
image_1704,IMG_3935.MOV,0.8069
image_1706,IMG_3925.MOV,0.8714
image_1707,IMG_3935.MOV,0.8699
image_1708,IMG_3932.MOV,0.8869
image_1710,IMG_3909.MOV,0.8975
image_1713,IMG_3935.MOV,0.8362
image_1715,IMG_3935.MOV,0.8327
image_1717,IMG_3935.MOV,0.7947
image_1718,IMG_3935.MOV,0.8284
image_1725,IMG_3935.MOV,0.7411
image_1726,IMG_3935.MOV,0.7061
image_1728,IMG_3935.MOV,0.8079
image_1730,IMG_3935.MOV,0.7106
image_1734,IMG_3935.MOV,0.7724
image_1735,IMG_3935.MOV,0.7615
image_1737,IMG_3935.MOV,0.7163
image_1738,IMG_3935.MOV,0.7095
image_1739,IMG_3935.MOV,0.685
image_1744,IMG_3935.MOV,0.7361
image_1746,IMG_3935.MOV,0.7368
image_1748,IMG_3935.MOV,0.7117
image_1750,IMG_3935.MOV,0.6489
image_1752,IMG_3935.MOV,0.6586
image_1756,IMG_3935.MOV,0.7373
image_1757,IMG_3935.MOV,0.677
image_1758,IMG_3935.MOV,0.7756
image_1759,IMG_3935.MOV,0.7265
image_1760,IMG_3935.MOV,0.7103
image_1761,IMG_3935.MOV,0.747
image_1766,IMG_3935.MOV,0.7356
image_1767,IMG_3935.MOV,0.6643
image_1768,IMG_3935.MOV,0.7452
image_1769,IMG_3935.MOV,0.7278
image_1770,IMG_3935.MOV,0.6957
image_1771,IMG_3935.MOV,0.7319
image_1772,IMG_3935.MOV,0.7006
image_1773,IMG_3935.MOV,0.6729
image_1797,IMG_3935.MOV,0.7745
image_1798,IMG_3935.MOV,0.7127
image_1799,IMG_3935.MOV,0.777
image_1800,IMG_3935.MOV,0.7279
image_1804,IMG_3935.MOV,0.6717
image_1805,IMG_3935.MOV,0.8255
image_1806,IMG_3935.MOV,0.7815
image_1807,IMG_3935.MOV,0.7446
image_1808,IMG_3935.MOV,0.6974
image_1809,IMG_3935.MOV,0.7567
image_1810,IMG_3935.MOV,0.8401
image_1811,IMG_3925.MOV,0.8952
image_1812,IMG_3935.MOV,0.8828
image_1814,IMG_3935.MOV,0.7721
image_1850,IMG_3932.MOV,0.7901
image_1851,IMG_3937.MOV,0.8339
image_1852,IMG_3934.MOV,0.6688
image_1855,IMG_3934.MOV,0.7428
image_1875,IMG_3928.MOV,0.4793
image_1876,IMG_3925.MOV,0.4888
image_1877,IMG_3916.MOV,0.5351
image_1879,IMG_3935.MOV,0.7315
image_1890,IMG_3928.MOV,0.5824
image_1902,IMG_3924.MOV,0.6592
image_1990,IMG_3936.MOV,0.3789
image_1991,IMG_3925.MOV,0.3878
image_2009,IMG_3913.MOV,0.7935
